Topic,English,Mandarin,Pinyin,URL
Ask for directions,"Excuse me, madam. Could you tell me where the post office is?",对不起，女士，请问邮局在哪里？,duìbúqǐ nǚshì qǐngwènyóujúzàinǎlǐ,https://www.chinese-tools.com/phrasebook/22-directions.html
Ask for directions,It's just around the corner.,转弯就是。,zhuǎiwānjiùshì,https://www.chinese-tools.com/phrasebook/22-directions.html
Ask for directions,"Excuse me, how can I get to the bus station?",对不起，汽车站怎么走？,duìbúqǐ qìchēzhànzěnmazǒu,https://www.chinese-tools.com/phrasebook/22-directions.html
Ask for directions,You can take the bus and get off at the second stop.,你可以坐公共汽车第二站下。,nǐkěyǐzuògōnggōngqìchēdìèrzhànxià,https://www.chinese-tools.com/phrasebook/22-directions.html
Ask for directions,Excuse me. Where is No.5 Street?,对不起，第五大街在哪儿？,duìbúqǐ dìwǔdàjiēzàinǎér,https://www.chinese-tools.com/phrasebook/22-directions.html
Ask for directions,Go straight ahead and turn left at the second crossing.,对不起，你能告诉我怎么去胡先生的餐馆吗？,duìbúqǐ nǐnénggàosùwǒzěnmaqùhúxiānshēngdecānguǎnmá,https://www.chinese-tools.com/phrasebook/22-directions.html
Ask for directions,Excuse me. Can you tell me how to get to Mr. Hu's restaurant?,对不起，你能告诉我怎么去胡先生的餐馆吗？,duìbúqǐ nǐnénggàosùwǒzěnmaqùhúxiānshēngdecānguǎnmá,https://www.chinese-tools.com/phrasebook/22-directions.html
Ask for directions,Go on for about 100 meters. It's on your left side. You can't miss it.,往前走约1米，在你左手边，你不会错过的。,wǎngqiánzǒuyāo mǐ zàinǐzuǒshǒubiān nǐbúhuìcuòguōde,https://www.chinese-tools.com/phrasebook/22-directions.html
Ask for directions,Which one is Mr. Jame's office?,哪间是詹姆司先生的办公室？,nǎjiānshìzhānmǔsīxiānshēngdebàngōngshì,https://www.chinese-tools.com/phrasebook/22-directions.html
Ask for directions,It's Room 201 on the second floor.,二楼21房间。,èrlóu  fángjiān,https://www.chinese-tools.com/phrasebook/22-directions.html
Ask for directions,Can I use the elevator?,我能用电梯吗？,wǒnéngyòngdiàntīmá,https://www.chinese-tools.com/phrasebook/22-directions.html
Ask for directions,"Sorry, it's broken. You have to use the stairs.",对不起，它坏了，你只能走楼梯了。,duìbúqǐ tāhuàile nǐzhīnéngzǒulóutīle,https://www.chinese-tools.com/phrasebook/22-directions.html
Ask for directions,Where are the stairs?,楼梯在哪里呢？,lóutīzàinǎlǐnà,https://www.chinese-tools.com/phrasebook/22-directions.html
Ask for directions,Go along the corridor and it's on your right side.,沿着走廊走，在你右手边。,yánzhāozǒulángzǒu zàinǐyòushǒubiān,https://www.chinese-tools.com/phrasebook/22-directions.html
Ask for directions,Thank you for directions.,感谢你为我指路。,gǎnxiènǐwéiwǒzhīlù,https://www.chinese-tools.com/phrasebook/22-directions.html
Ask for help,Would you please open the door for me?,请你帮忙开个门好吗？,qǐngnǐbāngmángkāigěménhǎomá,https://www.chinese-tools.com/phrasebook/21-help.html
Ask for help,May I ask you a question?,我能问你个问题吗？,wǒnéngwènnǐgěwèntímá,https://www.chinese-tools.com/phrasebook/21-help.html
Ask for help,Please give me a hand.,请帮我个忙。,qǐngbāngwǒgěmáng,https://www.chinese-tools.com/phrasebook/21-help.html
Ask for help,Could you do me a favor?,能请你帮个忙吗？,néngqǐngnǐbānggěmángmá,https://www.chinese-tools.com/phrasebook/21-help.html
Ask for help,Would you help me remove the refrigerator?,能帮忙移一下冰箱吗？,néngbāngmángyíyīxiàbīngxiāngmá,https://www.chinese-tools.com/phrasebook/21-help.html
Ask for help,"Get me my coat, please.",请帮我拿下外套。,qǐngbāngwǒnáxiàwàitào,https://www.chinese-tools.com/phrasebook/21-help.html
Ask for help,"Make me a cup of coffee, will you?",给我冲杯咖啡，好吗？,gěiwǒchōngbēigāfēi hǎomá,https://www.chinese-tools.com/phrasebook/21-help.html
Ask for help,Call me tomorrow if you have time.,明天要有时间就给我打个电话。,míngtiānyāoyǒushíjiānjiùgěiwǒdágědiànhuà,https://www.chinese-tools.com/phrasebook/21-help.html
Ask for help,Could you tell me where I can find these books?,您能告诉我在哪儿能找到这些书吗？,nínnénggàosùwǒzàinǎérnéngzhǎodàozhèxiēshūmá,https://www.chinese-tools.com/phrasebook/21-help.html
Ask for help,Certainly.,当然了。,dāngránle,https://www.chinese-tools.com/phrasebook/21-help.html
Ask for help,Witch pleasure.,很高兴。,hěngāoxīng,https://www.chinese-tools.com/phrasebook/21-help.html
Ask for help,I'm sorry. I'm engaged now.,对不起，我现在正忙着。,duìbúqǐ wǒxiànzàizhēngmángzhāo,https://www.chinese-tools.com/phrasebook/21-help.html
Ask for help,"I'm glad to, but I'm afraid I don't have the time.",我很乐意，但我恐怕没时间。,wǒhěnlèyì dànwǒkǒngpàméishíjiān,https://www.chinese-tools.com/phrasebook/21-help.html
Ask for help,Would you mind closing the window for me?,能帮我关一下窗户吗？（你介意关下窗户吗？）,néngbāngwǒguānyīxiàchuānghùmá  nǐjièyìguānxiàchuānghùmá,https://www.chinese-tools.com/phrasebook/21-help.html
Ask for help,Not at all.,当然可以。（当然不介意）,dāngránkěyǐ  dāngránbújièyì,https://www.chinese-tools.com/phrasebook/21-help.html
Measure and Compare,What's the height of the building?,这座楼有多高？,zhèzuòlóuyǒuduōgāo,https://www.chinese-tools.com/phrasebook/20-compare.html
Measure and Compare,How much does the elephant weight?,这个大象有多重？,zhègědàxiàngyǒuduōchóng,https://www.chinese-tools.com/phrasebook/20-compare.html
Measure and Compare,What's the color of your new dress?,你的新衣服是什么颜色的？,nǐdexīnyīfúshìshénmayánsède,https://www.chinese-tools.com/phrasebook/20-compare.html
Measure and Compare,What's the size of your shoes?,你的鞋多大尺寸？,nǐdexiéduōdàchěcùn,https://www.chinese-tools.com/phrasebook/20-compare.html
Measure and Compare,My brother is twice as tall as your sister.,我弟弟比你妹妹高一倍。,wǒdìdìbǐnǐmèimèigāoyībèi,https://www.chinese-tools.com/phrasebook/20-compare.html
Measure and Compare,My grandma is 40 years older than me.,我祖母比我大4岁。,wǒzǔmǔbǐwǒdàluesuì,https://www.chinese-tools.com/phrasebook/20-compare.html
Measure and Compare,This river is one third as long as that river.,这条河只有那条河的三分之一长。,zhètiáohézhīyǒunātiáohédesānfēnzhīyīcháng,https://www.chinese-tools.com/phrasebook/20-compare.html
Measure and Compare,What's the shape of your balloon?,你的气球是什么形状？,nǐdeqìqiúshìshénmaxíngzhuàng,https://www.chinese-tools.com/phrasebook/20-compare.html
Measure and Compare,How wide is this bridge?,这座桥有多宽？,zhèzuòqiáoyǒuduōkuān,https://www.chinese-tools.com/phrasebook/20-compare.html
Measure and Compare,How thick is the ice here?,这儿的冰有多厚？,zhèérdebīngyǒuduōhòu,https://www.chinese-tools.com/phrasebook/20-compare.html
Measure and Compare,This metal is harder than that one.,这种金属比那种硬。,zhèzhǒngjīnshǔbǐnāzhǒngyìng,https://www.chinese-tools.com/phrasebook/20-compare.html
Measure and Compare,He can run as fast as Jim.,他跑的和吉姆一样快。,tāpáodehéjímǔyīyàngkuài,https://www.chinese-tools.com/phrasebook/20-compare.html
Measure and Compare,Kate is smarter than I.,凯特比我聪明。,kǎitèbǐwǒcōngmíng,https://www.chinese-tools.com/phrasebook/20-compare.html
Measure and Compare,How long do you watch TV every day?,你每天看多长时间电视？,nǐměitiānkānduōchángshíjiāndiànshì,https://www.chinese-tools.com/phrasebook/20-compare.html
Measure and Compare,How often do you go swimming?,你多久去游一次泳？,nǐduōjiǔqùyóuyīcìyǒng,https://www.chinese-tools.com/phrasebook/20-compare.html
Ask questions,Where are you going?,你去哪儿？,nǐqùnǎér,https://www.chinese-tools.com/phrasebook/19-questions.html
Ask questions,Where did you go for dinner yesterday?,你们昨天去哪儿吃的饭？,nǐmenzuótiānqùnǎérchīdefàn,https://www.chinese-tools.com/phrasebook/19-questions.html
Ask questions,When will he come to see you?,他什么时候来看你？,tāshénmashíhòuláikānnǐ,https://www.chinese-tools.com/phrasebook/19-questions.html
Ask questions,When did you buy the car?,你什么时候买的车？,nǐshénmashíhòumǎidechē,https://www.chinese-tools.com/phrasebook/19-questions.html
Ask questions,Who told you?,谁告诉你的？,shéigàosùnǐde,https://www.chinese-tools.com/phrasebook/19-questions.html
Ask questions,Who will accompany you to the airport?.,谁将陪你去机场？,shéijiāngpéinǐqùjīcháng,https://www.chinese-tools.com/phrasebook/19-questions.html
Ask questions,Why don't you agree?,你为什么不同意？,nǐwéishénmabútóngyì,https://www.chinese-tools.com/phrasebook/19-questions.html
Ask questions,Why not go out for a walk?,干吗不出去散步？,gānmábúchūqùsǎnbù,https://www.chinese-tools.com/phrasebook/19-questions.html
Ask questions,How did you doing spend your holiday?,你假期怎么过的？,nǐjiǎjīzěnmaguōde,https://www.chinese-tools.com/phrasebook/19-questions.html
Ask questions,How are you doing these days?,这些日子你怎么样？,zhèxiērìzǐnǐzěnmayàng,https://www.chinese-tools.com/phrasebook/19-questions.html
Ask questions,What did he say in the letter?,他在信里说什么了？,tāzàixìnlǐshuìshénmale,https://www.chinese-tools.com/phrasebook/19-questions.html
Ask questions,What are you going to do with the books?,你打算拿这些书怎么办？,nǐdásuànnázhèxiēshūzěnmabàn,https://www.chinese-tools.com/phrasebook/19-questions.html
Ask questions,What were you doing when I called?,我打电话给你时你在干吗？,wǒdádiànhuàgěinǐshínǐzàigānmá,https://www.chinese-tools.com/phrasebook/19-questions.html
Ask questions,I was about to leave.,我正要出门。,wǒzhēngyāochūmén,https://www.chinese-tools.com/phrasebook/19-questions.html
Ask questions,Can you guess what I was doing this morning?,你能猜到今天上午我在做什么吗？,nǐnéngcāidàojīntiānshàngwǔwǒzàizuòshénmamá,https://www.chinese-tools.com/phrasebook/19-questions.html
Where do you live?,"Hi, Jack, where do you live now?",你好，杰克，你现在住哪儿？,nǐhǎo jiékè nǐxiànzàizhùnǎér,https://www.chinese-tools.com/phrasebook/18-address.html
Where do you live?,I live at 203 Curzon Street.,我住在可胜街23号。,wǒzhùzàikěshēngjiē lueháo,https://www.chinese-tools.com/phrasebook/18-address.html
Where do you live?,Curzon Street? Isn't Mary living there?,可胜街？玛丽不是也住那儿吗？,kěshēngjiē mǎlíbúshìyězhùnāérmá,https://www.chinese-tools.com/phrasebook/18-address.html
Where do you live?,"Yes, she lives just across the street.",是的，她就住在街对面。,shìde tājiùzhùzàijiēduìmiàn,https://www.chinese-tools.com/phrasebook/18-address.html
Where do you live?,How long have you stayed there?,你在那儿住多久了？,nǐzàināérzhùduōjiǔle,https://www.chinese-tools.com/phrasebook/18-address.html
Where do you live?,Just a few months.,才几个月。,cáijīgěyuè,https://www.chinese-tools.com/phrasebook/18-address.html
Where do you live?,How about Mary? How long has she lived there?,玛丽怎么样？她在那儿住多久了？,mǎlízěnmayàng tāzàināérzhùduōjiǔle,https://www.chinese-tools.com/phrasebook/18-address.html
Where do you live?,She's been living there since her birth.,她生下来就住那儿。,tāshēngxiàláijiùzhùnāér,https://www.chinese-tools.com/phrasebook/18-address.html
Where do you live?,Will you stay there for long?,你会在那儿待很长时间吗？,nǐhuìzàināérdāihěnchángshíjiānmá,https://www.chinese-tools.com/phrasebook/18-address.html
Where do you live?,"No, I'll move to Hollywood next month.",不，我下个月搬到好莱坞去。,bú wǒxiàgěyuèbāndàohǎoláiwùqù,https://www.chinese-tools.com/phrasebook/18-address.html
Where do you live?,"Oh, really? I'm moving there too.",真的？我也会搬到那儿去。,zhēnde wǒyěhuìbāndàonāérqù,https://www.chinese-tools.com/phrasebook/18-address.html
Where do you live?,Great. Then we can drink beer together.,棒极了，我们可以一起喝啤酒了。,bàngjíle wǒmenkěyǐyīqǐhēpíjiǔle,https://www.chinese-tools.com/phrasebook/18-address.html
Where do you live?,"Yes, and you may stay there longer.",对，而且你也许会在那儿住久一些。,duì érjūnǐyěxǔhuìzàināérzhùjiǔyīxiē,https://www.chinese-tools.com/phrasebook/18-address.html
Where do you live?,I hope so.,希望如此。,xīwàngrúcǐ,https://www.chinese-tools.com/phrasebook/18-address.html
Where do you live?,I'm sure we'll have a good time.,我相信我们会很开心的。,wǒxiāngxìnwǒmenhuìhěnkāixīnde,https://www.chinese-tools.com/phrasebook/18-address.html
The past,I used to take a walk in the early morning.,我过去常一大早出去散步。,wǒguōqùchángyīdàzǎochūqùsǎnbù,https://www.chinese-tools.com/phrasebook/17-past.html
The past,He used to live in my neighborhood.,他曾与我是邻居。,tācéngyúwǒshìlínjū,https://www.chinese-tools.com/phrasebook/17-past.html
The past,Did you use to go fishing with friends?,过去你常和朋友钓鱼吗？,guōqùnǐchánghépéngyǒudiàoyúmá,https://www.chinese-tools.com/phrasebook/17-past.html
The past,We have known each other for 6 years.,我们认识有六年了。,wǒmenrènshíyǒuliùniánle,https://www.chinese-tools.com/phrasebook/17-past.html
The past,It has been a long time since last came here.,自从我上次来这里已经有很长时间了。,zìcōngwǒshàngcìláizhèlǐyǐjīngyǒuhěnchángshíjiānle,https://www.chinese-tools.com/phrasebook/17-past.html
The past,Have you seen Mr. Smith recently?,最近你见过史密斯先生吗？,zuìjìnnǐjiànguōshǐmìsīxiānshēngmá,https://www.chinese-tools.com/phrasebook/17-past.html
The past,They've been working on this project since last year.,他们从去年开始一直都在做这个项目。,tāmencōngqùniánkāishǐyīzhídōuzàizuòzhègěxiàngmù,https://www.chinese-tools.com/phrasebook/17-past.html
The past,I've been watching TV all night.,我看了一整晚的电视。,wǒkānleyīzhěngwǎndediànshì,https://www.chinese-tools.com/phrasebook/17-past.html
The past,The movie began as soon as we got there.,我们一到那儿电影就开始了。,wǒmenyīdàonāérdiànyǐngjiùkāishǐle,https://www.chinese-tools.com/phrasebook/17-past.html
The past,"When I arrived at the station, the train had already left.",我到车站时，火车已经开了。,wǒdàochēzhànshí huǒchēyǐjīngkāile,https://www.chinese-tools.com/phrasebook/17-past.html
The past,The late arrival of the ship had messed up all our plans.,船到晚了，把我们的计划全打乱了。,chuándàowǎnle bǎwǒmendejìhuáquándáluànle,https://www.chinese-tools.com/phrasebook/17-past.html
The past,I had thought he knew the time of the meeting.,我原以为他知道开会时间。,wǒyuányǐwéitāzhīdàokāihuìshíjiān,https://www.chinese-tools.com/phrasebook/17-past.html
The past,They had excepted me to go with them.,他们原本希望我和他们一起去。,tāmenyuánběnxīwàngwǒhétāmenyīqǐqù,https://www.chinese-tools.com/phrasebook/17-past.html
The past,That was the third time that I had visited the place.,那是我第三次参观那地方了。,nāshìwǒdìsāncìcānguānnādefāngle,https://www.chinese-tools.com/phrasebook/17-past.html
The past,"After I had finished my paper, I put it in the drawer.",我写完论文，就把它放在抽屉了。,wǒxiěwánlúnwén jiùbǎtāfàngzàichōutìle,https://www.chinese-tools.com/phrasebook/17-past.html
Friends,"Hi, Joe, is it really you?",乔，你好，真是你吗？,qiáo nǐhǎo zhēnshìnǐmá,https://www.chinese-tools.com/phrasebook/16-friends.html
Friends,"Hi, Ann. Nice to see you again.",安，你好。真高兴再次见到你。,ān nǐhǎo zhēngāoxīngzàicìjiàndàonǐ,https://www.chinese-tools.com/phrasebook/16-friends.html
Friends,It's been a whole year since I last saw you.,我整整一年没见你了。,wǒzhěngzhěngyīniánméijiànnǐle,https://www.chinese-tools.com/phrasebook/16-friends.html
Friends,"Yes, but you look as pretty now, as you did then.",但你看起来还是那么漂亮。,dànnǐkānqǐláiháishìnāmapiāoliàng,https://www.chinese-tools.com/phrasebook/16-friends.html
Friends,"Oh, thank you. How have you been these days?",欧，谢谢。这段时间你好吗？,ōu xièxiè zhèduànshíjiānnǐhǎomá,https://www.chinese-tools.com/phrasebook/16-friends.html
Friends,Not too bad.,不太糟。,bútàizāo,https://www.chinese-tools.com/phrasebook/16-friends.html
Friends,But you sound so sad.,但听起来你很悲伤。,dàntīngqǐláinǐhěnbēishāng,https://www.chinese-tools.com/phrasebook/16-friends.html
Friends,"Yes, I lost my pet cat yesterday.",是啊，昨天我的宠物猫丢了。,shìā zuótiānwǒdechǒngwùmāodiūle,https://www.chinese-tools.com/phrasebook/16-friends.html
Friends,"Oh, I'm sorry to hear that",听到这消息我很遗憾。,tīngdàozhèxiāoxīwǒhěnwèihàn,https://www.chinese-tools.com/phrasebook/16-friends.html
Friends,That's all right.,没事儿。,méishìér,https://www.chinese-tools.com/phrasebook/16-friends.html
Friends,Have you seen Kate lately?,最近你看见凯特了吗？,zuìjìnnǐkānjiànkǎitèlemá,https://www.chinese-tools.com/phrasebook/16-friends.html
Friends,"No, I have no contact with her.",没有。我和她没有一点儿联系。,méiyǒu wǒhétāméiyǒuyīdiǎnérliánjì,https://www.chinese-tools.com/phrasebook/16-friends.html
Friends,I heard she got married last week.,我躺在床上看杂志。,wǒtǎngzàichuángshàngkānzázhì,https://www.chinese-tools.com/phrasebook/16-friends.html
Friends,"Oh, how nice. Sorry, I've got to go now.",那真好。对不起，我必须得走了。,nāzhēnhǎo duìbúqǐ wǒbìxūdézǒule,https://www.chinese-tools.com/phrasebook/16-friends.html
Friends,So do I. See you later. Keep in touch.,我也是，再见。记得联系哦。,wǒyěshì zàijiàn jìdéliánjìé,https://www.chinese-tools.com/phrasebook/16-friends.html
When did you ... ?,When did you get up yesterday morning?,你昨天早上几点起床？,nǐzuótiānzǎoshàngjīdiǎnqǐchuáng,https://www.chinese-tools.com/phrasebook/15-yesterday.html
When did you ... ?,At about seven.,七点左右。,qīdiǎnzuǒyòu,https://www.chinese-tools.com/phrasebook/15-yesterday.html
When did you ... ?,"I heard the clock, but I didn't get up until 9.",我听见闹钟了，但我捱到九点才起。,wǒtīngjiànnàozhōngle dànwǒāidàojiǔdiǎncáiqǐ,https://www.chinese-tools.com/phrasebook/15-yesterday.html
When did you ... ?,I woke up seven and got up right away.,我七点醒了，然后马上起床了。,wǒqīdiǎnxǐngle ránhòumǎshàngqǐchuángle,https://www.chinese-tools.com/phrasebook/15-yesterday.html
When did you ... ?,I hurried to my office.,我匆忙赶到办公室。,wǒcōngmánggǎndàobàngōngshì,https://www.chinese-tools.com/phrasebook/15-yesterday.html
When did you ... ?,I had my breakfast on the way.,我在路上吃的早饭。,wǒzàilùshàngchīdezǎofàn,https://www.chinese-tools.com/phrasebook/15-yesterday.html
When did you ... ?,I was just on time.,我刚好赶上。,wǒgānghǎogǎnshàng,https://www.chinese-tools.com/phrasebook/15-yesterday.html
When did you ... ?,I was 10 minutes late,我迟到了五分钟。,wǒchídàolewǔfēnzhōng,https://www.chinese-tools.com/phrasebook/15-yesterday.html
When did you ... ?,I had lunch with a friend of mine.,我和我的一个朋友一块吃了午饭。,wǒhéwǒdeyīgěpéngyǒuyīkuàichīlewǔfàn,https://www.chinese-tools.com/phrasebook/15-yesterday.html
When did you ... ?,I finished my work at 6 p.m.,下午6点我下班了。,xiàwǔ diǎnwǒxiàbānle,https://www.chinese-tools.com/phrasebook/15-yesterday.html
When did you ... ?,I stayed and did some extra work.,我留下加了一会儿班。,wǒliúxiàjiāleyīhuìérbān,https://www.chinese-tools.com/phrasebook/15-yesterday.html
When did you ... ?,"The TV programs were really boring, so I went to bed very early.",电视节目很无聊，所以我早早睡了。,diànshìjiēmùhěnmóliáo suǒyǐwǒzǎozǎoshuìle,https://www.chinese-tools.com/phrasebook/15-yesterday.html
When did you ... ?,I read a magazine in bed.,我躺在床上看杂志。,wǒtǎngzàichuángshàngkānzázhì,https://www.chinese-tools.com/phrasebook/15-yesterday.html
When did you ... ?,I didn't sleep well. .,我没睡好。,wǒméishuìhǎo,https://www.chinese-tools.com/phrasebook/15-yesterday.html
When did you ... ?,I slept soundly all night,我整夜睡的很熟。,wǒzhěngyèshuìdehěnshóu,https://www.chinese-tools.com/phrasebook/15-yesterday.html
When? What time?,When do you get up everyday?,每天你几点起床？,měitiānnǐjīdiǎnqǐchuáng,https://www.chinese-tools.com/phrasebook/14-daily.html
When? What time?,I usually get up at 8 o'clock.,我通常8点起床。,wǒtōngcháng diǎnqǐchuáng,https://www.chinese-tools.com/phrasebook/14-daily.html
When? What time?,Where do you have your lunch?,你在哪儿吃午饭？,nǐzàinǎérchīwǔfàn,https://www.chinese-tools.com/phrasebook/14-daily.html
When? What time?,I have my lunch in a snack bar nearby.,我在附近一家快餐店吃午饭。,wǒzàifùjìnyījiākuàicāndiànchīwǔfàn,https://www.chinese-tools.com/phrasebook/14-daily.html
When? What time?,What did you have for lunch?,你中午吃些什么？,nǐzhōngwǔchīxiēshénma,https://www.chinese-tools.com/phrasebook/14-daily.html
When? What time?,I had a hamburger and a fried chicken leg?,我吃一个汉堡包，一个炸鸡腿。,wǒchīyīgěhànbǎobāo yīgězhájītuǐ,https://www.chinese-tools.com/phrasebook/14-daily.html
When? What time?,What time do you start work?,你什么时候开始工作？,nǐshénmashíhòukāishǐgōngzuō,https://www.chinese-tools.com/phrasebook/14-daily.html
When? What time?,I start work at 8 o'clock.,我八点开始工作。,wǒbādiǎnkāishǐgōngzuō,https://www.chinese-tools.com/phrasebook/14-daily.html
When? What time?,What do you do at work?,你上班干些什么？,nǐshàngbāngānxiēshénma,https://www.chinese-tools.com/phrasebook/14-daily.html
When? What time?,I answer telephones and do some typing.,我接电话和打字。,wǒjiēdiànhuàhédázì,https://www.chinese-tools.com/phrasebook/14-daily.html
When? What time?,What time do you finish your work?,你什么时候下班？,nǐshénmashíhòuxiàbān,https://www.chinese-tools.com/phrasebook/14-daily.html
When? What time?,At 6 o'clock sharp.,六点。,liùdiǎn,https://www.chinese-tools.com/phrasebook/14-daily.html
When? What time?,What do you do in your spare time?,闲暇时，你干些什么？,xiánxiáshí nǐgānxiēshénma,https://www.chinese-tools.com/phrasebook/14-daily.html
When? What time?,I like listening to pop music.,我喜欢听流行音乐。,wǒxǐhuāntīngliúhángyīnlè,https://www.chinese-tools.com/phrasebook/14-daily.html
When? What time?,I like playing football.,我喜欢踢足球。,wǒxǐhuāntīzúqiú,https://www.chinese-tools.com/phrasebook/14-daily.html
How old are you?,How old are you?,你多大了？,nǐduōdàle,https://www.chinese-tools.com/phrasebook/13-age.html
How old are you?,I'm twenty-two (years old).,我二十二了。,wǒèrshíèrle,https://www.chinese-tools.com/phrasebook/13-age.html
How old are you?,Mr. Smith is still in his forties.,史密斯先生才四十几岁。,shǐmìsīxiānshēngcáisìshíjīsuì,https://www.chinese-tools.com/phrasebook/13-age.html
How old are you?,I'm two years younger than my sister.,我比我姐小两岁。,wǒbǐwǒjiěxiǎoliǎngsuì,https://www.chinese-tools.com/phrasebook/13-age.html
How old are you?,My elder sister is one year older than her husband.,我姐比他丈夫大一岁。,wǒjiěbǐtāzhàngfūdàyīsuì,https://www.chinese-tools.com/phrasebook/13-age.html
How old are you?,He's the youngest in the family.,他是一家中最小的。,tāshìyījiāzhōngzuìxiǎode,https://www.chinese-tools.com/phrasebook/13-age.html
How old are you?,He looks much younger than he is.,他看起来比他实际上年轻得多。,tākānqǐláibǐtāshíjìshàngniánqīngdéduō,https://www.chinese-tools.com/phrasebook/13-age.html
How old are you?,I came here when I was 20.,我二十岁来这儿。,wǒèrshísuìláizhèér,https://www.chinese-tools.com/phrasebook/13-age.html
How old are you?,I started school at the age of 6.,我六岁开始上学。,wǒliùsuìkāishǐshàngxué,https://www.chinese-tools.com/phrasebook/13-age.html
How old are you?,My father is over 60 years old.,我父亲已年过六十了。,wǒfǔqīnyǐniánguōliùshíle,https://www.chinese-tools.com/phrasebook/13-age.html
How old are you?,Most of them are less than 30.,他们中大多数不到3岁。,tāmenzhōngdàduōshǔbúdàoluesuì,https://www.chinese-tools.com/phrasebook/13-age.html
How old are you?,I guess he's about 30.,我猜他大概3岁。,wǒcāitādàgàiluesuì,https://www.chinese-tools.com/phrasebook/13-age.html
How old are you?,She's going to be 15 next month.,下个月她就满15了。,xiàgěyuètājiùmǎn  le,https://www.chinese-tools.com/phrasebook/13-age.html
How old are you?,They'll have a party for their 10th wedding anniversary.,他们将为结婚十周年来个聚会。,tāmenjiāngwéijiēhūnshízhōuniánláigějùhuì,https://www.chinese-tools.com/phrasebook/13-age.html
How old are you?,He's still a boy after all.,他毕竟还只是个孩子。,tābìjìngháizhīshìgěháizǐ,https://www.chinese-tools.com/phrasebook/13-age.html
What are you doing?,What are you doing?,你在干什么？,nǐzàigānshénma,https://www.chinese-tools.com/phrasebook/12-activity.html
What are you doing?,I'm reading a book.,今天星期一。,jīntiānxīngjīyī,https://www.chinese-tools.com/phrasebook/12-activity.html
What are you doing?,I'm cooking.,我在做饭。,wǒzàizuòfàn,https://www.chinese-tools.com/phrasebook/12-activity.html
What are you doing?,Are you watching TV now?,你在看电视吗？,nǐzàikāndiànshìmá,https://www.chinese-tools.com/phrasebook/12-activity.html
What are you doing?,"Yes, I'm watching Channel 5.",是的，我在看5频道。,shìde wǒzàikān píndào,https://www.chinese-tools.com/phrasebook/12-activity.html
What are you doing?,"No, I'm listening to the radio.",没有，我在听收音机。,méiyǒu wǒzàitīngshōuyīnjī,https://www.chinese-tools.com/phrasebook/12-activity.html
What are you doing?,Where are you going?,你去哪儿？,nǐqùnǎér,https://www.chinese-tools.com/phrasebook/12-activity.html
What are you doing?,I'm going to work,我去上班。,wǒqùshàngbān,https://www.chinese-tools.com/phrasebook/12-activity.html
What are you doing?,Who are you writing to?,你在给谁写信？,nǐzàigěishéixiěxìn,https://www.chinese-tools.com/phrasebook/12-activity.html
What are you doing?,I'm writing to an old friend.,给一个老朋友。,gěiyīgělǎopéngyǒu,https://www.chinese-tools.com/phrasebook/12-activity.html
What are you doing?,What will you do this weekend?,这周末你将干什么？,zhèzhōumònǐjiānggānshénma,https://www.chinese-tools.com/phrasebook/12-activity.html
What are you doing?,I'll go to a concert.,我要去听音乐会。,wǒyāoqùtīngyīnlèhuì,https://www.chinese-tools.com/phrasebook/12-activity.html
What are you doing?,I'll go on an outing with some friends.,我与朋友去郊游。,wǒyúpéngyǒuqùjiāoyóu,https://www.chinese-tools.com/phrasebook/12-activity.html
What are you doing?,Do you like traveling?,你喜欢郊游吗？,nǐxǐhuānjiāoyóumá,https://www.chinese-tools.com/phrasebook/12-activity.html
What are you doing?,"Yes, I like it a great deal/it very much.",是的，我很喜欢。,shìde wǒhěnxǐhuān,https://www.chinese-tools.com/phrasebook/12-activity.html
Do you speak English?,Do you speak English?,你会说英语吗？,nǐhuìshuōyīngyǔmá,https://www.chinese-tools.com/phrasebook/11-language.html
Do you speak English?,"Yes, a little.",会讲一点。,huìjiǎngyīdiǎn,https://www.chinese-tools.com/phrasebook/11-language.html
Do you speak English?,How long have you studied English?,你学英语多久了？,nǐxuéyīngyǔduōjiǔle,https://www.chinese-tools.com/phrasebook/11-language.html
Do you speak English?,He speaks English fluently.,他讲英语很流利。,tājiǎngyīngyǔhěnliúlì,https://www.chinese-tools.com/phrasebook/11-language.html
Do you speak English?,Your English is very good.,你的英语很好。,nǐdeyīngyǔhěnhǎo,https://www.chinese-tools.com/phrasebook/11-language.html
Do you speak English?,You speak English very well.,你的英语讲的很好。,nǐdeyīngyǔjiǎngdehěnhǎo,https://www.chinese-tools.com/phrasebook/11-language.html
Do you speak English?,Are you a native speaker of English?,你的母语是英语吗？,nǐdemǔyǔshìyīngyǔmá,https://www.chinese-tools.com/phrasebook/11-language.html
Do you speak English?,My native language is Chinese.,我的母语是汉语。,wǒdemǔyǔshìhànyǔ,https://www.chinese-tools.com/phrasebook/11-language.html
Do you speak English?,He speaks with London accent.,他带点伦敦口音。,tādàidiǎnlúnduìkǒuyīn,https://www.chinese-tools.com/phrasebook/11-language.html
Do you speak English?,He has a strong accent.,他口音很重。,tākǒuyīnhěnzhòng,https://www.chinese-tools.com/phrasebook/11-language.html
Do you speak English?,I have some difficulty in expressing myself.,我表达起来有点困难。,wǒbiǎodáqǐláiyǒudiǎnkùnnán,https://www.chinese-tools.com/phrasebook/11-language.html
Do you speak English?,"I'm always confused with ""s"" and ""th"".",我常把s和th搞混。,wǒchángbǎ hé  gǎohún,https://www.chinese-tools.com/phrasebook/11-language.html
Do you speak English?,Can you write in English?,你能用英文写文章吗？,nǐnéngyòngyīngwénxiěwénzhāngmá,https://www.chinese-tools.com/phrasebook/11-language.html
Do you speak English?,Your pronunciation is excellent.,你的发音很好。,nǐdefāyīnhěnhǎo,https://www.chinese-tools.com/phrasebook/11-language.html
Do you speak English?,How can I improve my spoken English?,我该怎样才能提高口语水平？,wǒgāizěnyàngcáinéngdīgāokǒuyǔshuǐpíng,https://www.chinese-tools.com/phrasebook/11-language.html
Visiting friends,Hello. Can I see Mr. Green?,你好，我能见格林先生吗？,nǐhǎo wǒnéngjiàngēlínxiānshēngmá,https://www.chinese-tools.com/phrasebook/10-visit.html
Visiting friends,Do you have an appointment?,你有预约吗？,nǐyǒuyùyāomá,https://www.chinese-tools.com/phrasebook/10-visit.html
Visiting friends,"Sorry, I don't.",对不起，我没有。,duìbúqǐ wǒméiyǒu,https://www.chinese-tools.com/phrasebook/10-visit.html
Visiting friends,Yes. At 3 pm.,是的，约的是下午3点。,shìde yāodeshìxiàwǔluediǎn,https://www.chinese-tools.com/phrasebook/10-visit.html
Visiting friends,"Sorry, Mr. Green can't see you now.",对不起，格林先生现在不能见您。,duìbúqǐ gēlínxiānshēngxiànzàibúnéngjiànnín,https://www.chinese-tools.com/phrasebook/10-visit.html
Visiting friends,He's on the phone.,他在打电话。,tāzàidádiànhuà,https://www.chinese-tools.com/phrasebook/10-visit.html
Visiting friends,Would you wait here for a minute?,您能在这里等一下吗？,nínnéngzàizhèlǐděngyīxiàmá,https://www.chinese-tools.com/phrasebook/10-visit.html
Visiting friends,Would you like something to drink?,您想喝点什么吗？,nínxiǎnghēdiǎnshénmamá,https://www.chinese-tools.com/phrasebook/10-visit.html
Visiting friends,"Tea, please",我喝点茶吧。,wǒhēdiǎnchábā,https://www.chinese-tools.com/phrasebook/10-visit.html
Visiting friends,"Mr. Green, Mr. Smith is here.",格林先生，史密斯先生在这里。,gēlínxiānshēng shǐmìsīxiānshēngzàizhèlǐ,https://www.chinese-tools.com/phrasebook/10-visit.html
Visiting friends,You may go in now.,您可以进去了。,nínkěyǐjìnqùle,https://www.chinese-tools.com/phrasebook/10-visit.html
Visiting friends,"Nice to see you, my old friend.",真高兴见到你，我的老朋友。,zhēngāoxīngjiàndàonǐ wǒdelǎopéngyǒu,https://www.chinese-tools.com/phrasebook/10-visit.html
Visiting friends,How have you been these years?,这些年你怎么样？,zhèxiēniánnǐzěnmayàng,https://www.chinese-tools.com/phrasebook/10-visit.html
Visiting friends,You've changed little.,你一点也没变。,nǐyīdiǎnyěméibiàn,https://www.chinese-tools.com/phrasebook/10-visit.html
Visiting friends,Do you still remember that Christmas?,你仍记得那个圣诞节吗？,nǐréngjìdénāgěshèngdànjiēmá,https://www.chinese-tools.com/phrasebook/10-visit.html
What time is it?,What time is it now?,现在几点？,xiànzàijīdiǎn,https://www.chinese-tools.com/phrasebook/09-time.html
What time is it?,It's two o'clock.,现在两点。,xiànzàiliǎngdiǎn,https://www.chinese-tools.com/phrasebook/09-time.html
What time is it?,It's a quarter past five.,现在是五点一刻。,xiànzàishìwǔdiǎnyīkè,https://www.chinese-tools.com/phrasebook/09-time.html
What time is it?,It's ten minutes to four.,现在差十分四点。,xiànzàichāshífēnsìdiǎn,https://www.chinese-tools.com/phrasebook/09-time.html
What time is it?,It's half past nine.,现在是九点半。,xiànzàishìjiǔdiǎnbàn,https://www.chinese-tools.com/phrasebook/09-time.html
What time is it?,It's one o'clock sharp.,现在一点整。,xiànzàiyīdiǎnzhěng,https://www.chinese-tools.com/phrasebook/09-time.html
What time is it?,It's not four o'clock.,还没到四点呢。,háiméidàosìdiǎnnà,https://www.chinese-tools.com/phrasebook/09-time.html
What time is it?,My watch says two o'clock.,我的表是两点钟。,wǒdebiǎoshìliǎngdiǎnzhōng,https://www.chinese-tools.com/phrasebook/09-time.html
What time is it?,My watch is two minutes fast.,我的表快了两分钟。,wǒdebiǎokuàileliǎngfēnzhōng,https://www.chinese-tools.com/phrasebook/09-time.html
What time is it?,What's the time by your watch?,你的表几点了？,nǐdebiǎojīdiǎnle,https://www.chinese-tools.com/phrasebook/09-time.html
What time is it?,We must arrive there on time.,我们必须准时到那儿。,wǒmenbìxūzhǔnshídàonāér,https://www.chinese-tools.com/phrasebook/09-time.html
What time is it?,There are only two minutes left.,只剩两分钟了。,zhīshèngliǎngfēnzhōngle,https://www.chinese-tools.com/phrasebook/09-time.html
What time is it?,Can you finish your work ahead of time?,你能提前完成工作吗？,nǐnéngdīqiánwánchénggōngzuōmá,https://www.chinese-tools.com/phrasebook/09-time.html
What time is it?,The flight is delayed.,飞机推迟起飞.,fēijītuīchíqǐfēi,https://www.chinese-tools.com/phrasebook/09-time.html
What time is it?,The meeting is put off.,会议延期了。,huìyìyánjīle,https://www.chinese-tools.com/phrasebook/09-time.html
About objects,Do you have a computer?,你有计算机吗？,nǐyǒujìsuànjīmá,https://www.chinese-tools.com/phrasebook/08-objects.html
About objects,"Yes, I do.",是的，我有。,shìde wǒyǒu,https://www.chinese-tools.com/phrasebook/08-objects.html
About objects,"He has that book, doesn't he?",他有那本书，是吗？,tāyǒunāběnshū shìmá,https://www.chinese-tools.com/phrasebook/08-objects.html
About objects,"No, he doesn't.",不，他没有。,bú tāméiyǒu,https://www.chinese-tools.com/phrasebook/08-objects.html
About objects,Do you have any brothers or sisters?,你有兄弟或姐妹吗？,nǐyǒuxiōngdìhuòjiěmèimá,https://www.chinese-tools.com/phrasebook/08-objects.html
About objects,"No, I'm a single son.",没有，我是独生子。,méiyǒu wǒshìdúshēngzǐ,https://www.chinese-tools.com/phrasebook/08-objects.html
About objects,Could your computer access to internet?,你的电脑能连到互联网吗?,nǐdediànnǎonéngliándàohùliánwǎngmá,https://www.chinese-tools.com/phrasebook/08-objects.html
About objects,Do you have shampoo here?,这儿有洗发水吗？,zhèéryǒuxǐfāshuǐmá,https://www.chinese-tools.com/phrasebook/08-objects.html
About objects,What a beautiful garden you have!,你的花园真漂亮。,nǐdehuāyuánzhēnpiāoliàng,https://www.chinese-tools.com/phrasebook/08-objects.html
About objects,Any tickets left?,有剩票吗？,yǒushèngpiàomá,https://www.chinese-tools.com/phrasebook/08-objects.html
About objects,Do you have glue? I need some here,你有胶水吗？我这里需要一点。,nǐyǒujiāoshuǐmá wǒzhèlǐxūyāoyīdiǎn,https://www.chinese-tools.com/phrasebook/08-objects.html
About objects,I have some left.,我剩下一些。,wǒshèngxiàyīxiē,https://www.chinese-tools.com/phrasebook/08-objects.html
About objects,"If you have more, please give me some.",如果你有多的，请给我一些。,rúguǒnǐyǒuduōde qǐnggěiwǒyīxiē,https://www.chinese-tools.com/phrasebook/08-objects.html
About objects,Do you have my pencil?,你拿了我的铅笔吗？,nǐnálewǒdeqiānbǐmá,https://www.chinese-tools.com/phrasebook/08-objects.html
About objects,"Yes, I have your eraser, too.",是的，我还拿了你的橡皮。,shìde wǒháinálenǐdexiàngpí,https://www.chinese-tools.com/phrasebook/08-objects.html
What's the date today?,What day is it today?,今天星期几？,jīntiānxīngjījī,https://www.chinese-tools.com/phrasebook/07-date.html
What's the date today?,It's Monday today.,今天是星期一。,jīntiānshìxīngjīyī,https://www.chinese-tools.com/phrasebook/07-date.html
What's the date today?,What's the date today?,今天是几号？,jīntiānshìjīháo,https://www.chinese-tools.com/phrasebook/07-date.html
What's the date today?,"It's January the 15th, 1999.",今天是1999年1月15日。,jīntiānshì    nián yuè  rì,https://www.chinese-tools.com/phrasebook/07-date.html
What's the date today?,What month is this?,现在是几月？,xiànzàishìjīyuè,https://www.chinese-tools.com/phrasebook/07-date.html
What's the date today?,It's December.,现在是十二月。,xiànzàishìshíèryuè,https://www.chinese-tools.com/phrasebook/07-date.html
What's the date today?,What year is this?,今年是哪一年？,jīnniánshìnǎyīnián,https://www.chinese-tools.com/phrasebook/07-date.html
What's the date today?,It's the year of 1999.,今年是1999年。,jīnniánshì    nián,https://www.chinese-tools.com/phrasebook/07-date.html
What's the date today?,What will you do during this weekend?,这周末你干什么？,zhèzhōumònǐgānshénma,https://www.chinese-tools.com/phrasebook/07-date.html
What's the date today?,Does the shop open at 9 am on weekdays?,这家店平日是早上9点开门吗？,zhèjiādiànpíngrìshìzǎoshàng diǎnkāiménmá,https://www.chinese-tools.com/phrasebook/07-date.html
What's the date today?,"It opens at 8 am on weekdays, but at 9 at weekends.",平日上午8点开，但周末9点开。,píngrìshàngwǔ diǎnkāi dànzhōumò diǎnkāi,https://www.chinese-tools.com/phrasebook/07-date.html
What's the date today?,What will you do the day after on next?,后天你干什么？,hòutiānnǐgānshénma,https://www.chinese-tools.com/phrasebook/07-date.html
What's the date today?,What did you do the week before last?,上上星期你干了什么？,shàngshàngxīngjīnǐgānleshénma,https://www.chinese-tools.com/phrasebook/07-date.html
What's the date today?,I'll work for the next 5 days.,我要工作5天（从明天算起）,wǒyāogōngzuō tiān cōngmíngtiānsuànqǐ,https://www.chinese-tools.com/phrasebook/07-date.html
What's the date today?,It's been 5 years since I last saw you.,我已5年没见你了。,wǒyǐ niánméijiànnǐle,https://www.chinese-tools.com/phrasebook/07-date.html
What's your name?,What's your name?,你叫什么名字？,nǐjiàoshénmamíngzì,https://www.chinese-tools.com/phrasebook/06-introduction.html
What's your name?,May I have your name?,能告诉我你的名字吗？,nénggàosùwǒnǐdemíngzìmá,https://www.chinese-tools.com/phrasebook/06-introduction.html
What's your name?,My name is Thomas.,我叫汤姆斯。,wǒjiàoshāngmǔsī,https://www.chinese-tools.com/phrasebook/06-introduction.html
What's your name?,Just call me Tom.,就叫我汤姆吧。,jiùjiàowǒshāngmǔbā,https://www.chinese-tools.com/phrasebook/06-introduction.html
What's your name?,What's your family name?,你姓什么？,nǐxìngshénma,https://www.chinese-tools.com/phrasebook/06-introduction.html
What's your name?,My family name is Ayneswonth.,我姓安尼思华斯。,wǒxìngānnísāihuāsī,https://www.chinese-tools.com/phrasebook/06-introduction.html
What's your name?,How do you spell it?,怎么拼？,zěnmapīn,https://www.chinese-tools.com/phrasebook/06-introduction.html
What's your name?,Who is the lady in white?,穿白衣服的那位小姐是谁？,chuānbáiyīfúdenāwèixiǎojiěshìshéi,https://www.chinese-tools.com/phrasebook/06-introduction.html
What's your name?,Could you introduce me to her?,你能把我介绍给她吗？,nǐnéngbǎwǒjièshàogěitāmá,https://www.chinese-tools.com/phrasebook/06-introduction.html
What's your name?,"Rose, let me introduce my friend to you.",罗斯，让我介绍一下我的朋友。,luōsī ràngwǒjièshàoyīxiàwǒdepéngyǒu,https://www.chinese-tools.com/phrasebook/06-introduction.html
What's your name?,This is Tom. He's my classmate.,这是汤姆。我的同学。,zhèshìshāngmǔ wǒdetóngxué,https://www.chinese-tools.com/phrasebook/06-introduction.html
What's your name?,Nice to meet you.,很高兴认识你。,hěngāoxīngrènshínǐ,https://www.chinese-tools.com/phrasebook/06-introduction.html
What's your name?,"Nice to meet you, too.",认识你我也很高兴。,rènshínǐwǒyěhěngāoxīng,https://www.chinese-tools.com/phrasebook/06-introduction.html
What's your name?,Let me introduce myself.,让我自我介绍一下。,ràngwǒzìwǒjièshàoyīxià,https://www.chinese-tools.com/phrasebook/06-introduction.html
What's your name?,How do you do?,你好！,nǐhǎo,https://www.chinese-tools.com/phrasebook/06-introduction.html
Who are you?,Who are you?,你是谁？,nǐshìshéi,https://www.chinese-tools.com/phrasebook/05-people.html
Who are you?,I'm Jim.,我是吉姆。,wǒshìjímǔ,https://www.chinese-tools.com/phrasebook/05-people.html
Who are you?,Who is the guy over there?,那边那个人是谁？,nābiānnāgěrénshìshéi,https://www.chinese-tools.com/phrasebook/05-people.html
Who are you?,He's Bob.,他是鲍勃。,tāshìbàobó,https://www.chinese-tools.com/phrasebook/05-people.html
Who are you?,Is that girl a student?,那个女孩是学生吗？,nāgěnǚháishìxuéshēngmá,https://www.chinese-tools.com/phrasebook/05-people.html
Who are you?,"No, she isn't.",不，她不是。,bú tābúshì,https://www.chinese-tools.com/phrasebook/05-people.html
Who are you?,What do you do?,你是做什么的？,nǐshìzuòshénmade,https://www.chinese-tools.com/phrasebook/05-people.html
Who are you?,I'm a farmer.,我是个农民,wǒshìgěnóngmín,https://www.chinese-tools.com/phrasebook/05-people.html
Who are you?,What is his job?,他是什么工作?,tāshìshénmagōngzuō,https://www.chinese-tools.com/phrasebook/05-people.html
Who are you?,He's a manager.,他是个经理。,tāshìgějīnglǐ,https://www.chinese-tools.com/phrasebook/05-people.html
Who are you?,"She must be a model, isn't?",她一定是个模特，不是吗？,tāyīdìngshìgěmótè búshìmá,https://www.chinese-tools.com/phrasebook/05-people.html
Who are you?,I really don't known.,我真不知道。,wǒzhēnbúzhīdào,https://www.chinese-tools.com/phrasebook/05-people.html
Who are you?,I have no idea about it.,我一点都不知道。,wǒyīdiǎndōubúzhīdào,https://www.chinese-tools.com/phrasebook/05-people.html
Who are you?,Can she be a driver?,她可能是个司机吗？,tākěnéngshìgěsījīmá,https://www.chinese-tools.com/phrasebook/05-people.html
Who are you?,"Yes, I think so.",是的，我认为是。,shìde wǒrènwéishì,https://www.chinese-tools.com/phrasebook/05-people.html
"Whose, Where?",I found a backpack.,我捡到一个书包.,wǒjiǎndàoyīgěshūbāo,https://www.chinese-tools.com/phrasebook/04-belongings.html
"Whose, Where?",Whose watch is this?,这是谁的手表?,zhèshìshéideshǒubiǎo,https://www.chinese-tools.com/phrasebook/04-belongings.html
"Whose, Where?",Is this yours?,这是你的吗？,zhèshìnǐdemá,https://www.chinese-tools.com/phrasebook/04-belongings.html
"Whose, Where?","Yes, it's mine.",是的，是我的。,shìde shìwǒde,https://www.chinese-tools.com/phrasebook/04-belongings.html
"Whose, Where?",Where are my glasses?,我的眼镜在哪儿？,wǒdeyǎnjìngzàinǎér,https://www.chinese-tools.com/phrasebook/04-belongings.html
"Whose, Where?",Do you know where I've put my glasses? .,你知道我把眼镜搁哪儿了吗？,nǐzhīdàowǒbǎyǎnjìnggēnǎérlemá,https://www.chinese-tools.com/phrasebook/04-belongings.html
"Whose, Where?",Over there.,在那边。,zàinābiān,https://www.chinese-tools.com/phrasebook/04-belongings.html
"Whose, Where?",On the desk.,在桌上。,zàizhuōshàng,https://www.chinese-tools.com/phrasebook/04-belongings.html
"Whose, Where?",Is this your pen? I found it under the desk.,这是你的笔吗？我在桌下捡的。,zhèshìnǐdebǐmá wǒzàizhuōxiàjiǎnde,https://www.chinese-tools.com/phrasebook/04-belongings.html
"Whose, Where?",No. Mine is blue.,不是。我的是蓝的。,búshì wǒdeshìlade,https://www.chinese-tools.com/phrasebook/04-belongings.html
"Whose, Where?",Which one is your bag?,哪个是你的包？,nǎgěshìnǐdebāo,https://www.chinese-tools.com/phrasebook/04-belongings.html
"Whose, Where?",The bigger one.,大些的那个。,dàxiēdenāgě,https://www.chinese-tools.com/phrasebook/04-belongings.html
"Whose, Where?",The one on your right.,你右边的那个。,nǐyòubiāndenāgě,https://www.chinese-tools.com/phrasebook/04-belongings.html
"Whose, Where?",Are these books all yours?,这些书全是你的吗？,zhèxiēshūquánshìnǐdemá,https://www.chinese-tools.com/phrasebook/04-belongings.html
"Whose, Where?",Some of them are mine.,一部分是我的,yībùfēnshìwǒde,https://www.chinese-tools.com/phrasebook/04-belongings.html
What's this?,What's this?,这是什么？,zhèshìshénme,https://www.chinese-tools.com/phrasebook/03-what.html
What's this?,It's a pen.,是支笔。,shìzhībǐ,https://www.chinese-tools.com/phrasebook/03-what.html
What's this?,Is this your handbag?,这是你的手提包吗？,zhèshìnǐdeshǒutíbāoma,https://www.chinese-tools.com/phrasebook/03-what.html
What's this?,"No, it isn't. / Yes, it is.",不，它不是。/是的，它是。,bú tābúshì  shìde tāshì,https://www.chinese-tools.com/phrasebook/03-what.html
What's this?,Whose jacket is this?,这是谁的夹克?,zhèshìshéidejiākè,https://www.chinese-tools.com/phrasebook/03-what.html
What's this?,It's Kate's.,是凯特的。,shìkǎitède,https://www.chinese-tools.com/phrasebook/03-what.html
What's this?,Is that a car?,那是一辆小汽车吗？,nāshìyīliàngxiǎoqìchēma,https://www.chinese-tools.com/phrasebook/03-what.html
What's this?,"No, it isn't. It's a bus.",不，那是一辆公共汽车。,bù nāshìyīliànggōnggōngqìchē,https://www.chinese-tools.com/phrasebook/03-what.html
What's this?,What do you call this in English?,这个用英语怎么说？,zhègěyòngyīngyǔzěnmeshuō,https://www.chinese-tools.com/phrasebook/03-what.html
What's this?,What is the color of your new book?,你的新书是什么颜色的？,nǐdexīnshūshìshénmeyánsède,https://www.chinese-tools.com/phrasebook/03-what.html
What's this?,How big is your house?,你的房子有多大？,nǐdefángzǐyǒuduōdà,https://www.chinese-tools.com/phrasebook/03-what.html
What's this?,What's the problem?,有什么问题吗？,yǒushénmewèntíma,https://www.chinese-tools.com/phrasebook/03-what.html
What's this?,What's the name of the cat?,这猫叫什么名字？,zhèmāojiàoshénmemíngzì,https://www.chinese-tools.com/phrasebook/03-what.html
What's this?,Where's the company?,那个公司在哪儿？,nāgěgōngsīzàinǎér,https://www.chinese-tools.com/phrasebook/03-what.html
What's this?,Which is the right size?,哪个尺码是对的？,nǎgèchěmǎshìduìde,https://www.chinese-tools.com/phrasebook/03-what.html
In the Classroom,May I come in?,我能进来吗？,wǒnéngjìnláimá,https://www.chinese-tools.com/phrasebook/02-classroom.html
In the Classroom,"Come in, please.",请进。,qǐngjìn,https://www.chinese-tools.com/phrasebook/02-classroom.html
In the Classroom,"Sit down, please.",请坐。,qǐngzuò,https://www.chinese-tools.com/phrasebook/02-classroom.html
In the Classroom,It's time for class.,上课时间到了。,shàngkèshíjiāndàole,https://www.chinese-tools.com/phrasebook/02-classroom.html
In the Classroom,Open your books and turn to page 20.,打开书，翻到第2页。,dákāishū fāndàodì yè,https://www.chinese-tools.com/phrasebook/02-classroom.html
In the Classroom,I'll call the roll before class,课前我要点名。,kèqiánwǒyāodiǎnmíng,https://www.chinese-tools.com/phrasebook/02-classroom.html
In the Classroom,Here!,到！,dào,https://www.chinese-tools.com/phrasebook/02-classroom.html
In the Classroom,Has everybody got the handout?,每个人都拿到材料了吗？,měigěréndōunádàocáiliàolemá,https://www.chinese-tools.com/phrasebook/02-classroom.html
In the Classroom,Any different opinion?,有不同意见吗？,yǒubútóngyìjiànmá,https://www.chinese-tools.com/phrasebook/02-classroom.html
In the Classroom,Have I made myself clear?,我讲明白了吗？,wǒjiǎngmíngbáilemá,https://www.chinese-tools.com/phrasebook/02-classroom.html
In the Classroom,Are you with me?,你们跟上我讲的了吗？,nǐmengēnshàngwǒjiǎngdelemá,https://www.chinese-tools.com/phrasebook/02-classroom.html
In the Classroom,Could you say it again?,你能再说一遍吗？,nǐnéngzàishuìyībiànmá,https://www.chinese-tools.com/phrasebook/02-classroom.html
In the Classroom,Any questions? .,有什么问题吗？,yǒushénmawèntímá,https://www.chinese-tools.com/phrasebook/02-classroom.html
In the Classroom,That's all for today.,今天就讲到这里。,jīntiānjiùjiǎngdàozhèlǐ,https://www.chinese-tools.com/phrasebook/02-classroom.html
In the Classroom,Please turn in your homework before leaving.,请在离开前将作业交上。,qǐngzàilíkāiqiánjiāngzuōyèjiāoshàng,https://www.chinese-tools.com/phrasebook/02-classroom.html
Greetings,Hello/Hi!,你好,nǐhǎo,https://www.chinese-tools.com/phrasebook/01-greetings.html
Greetings,Good morning / afternoon / evening!,早晨（下午/晚上）好！,zǎochén xiàwǔ wǎnshàng hǎo,https://www.chinese-tools.com/phrasebook/01-greetings.html
Greetings,I'm John Smith.,我是约翰·史密斯.,wǒshìyuēhàn shǐmìsī,https://www.chinese-tools.com/phrasebook/01-greetings.html
Greetings,Are you Peter King?,你是彼得·金吗?,nǐshìbǐdé jīnma,https://www.chinese-tools.com/phrasebook/01-greetings.html
Greetings,"Yes, I am. / No, I'm not.",是，我是。/不，我不是。,shì wǒshì  bù wǒbùshì,https://www.chinese-tools.com/phrasebook/01-greetings.html
Greetings,How are you?,你好吗？,nǐhǎomá,https://www.chinese-tools.com/phrasebook/01-greetings.html
Greetings,"Fine, thanks. And you?",很好，谢谢，你呢？,hěnhǎo xièxiè nǐne,https://www.chinese-tools.com/phrasebook/01-greetings.html
Greetings,"I'm fine, too.",我也很好。,wǒyěhěnhǎo,https://www.chinese-tools.com/phrasebook/01-greetings.html
Greetings,How is Amy / your wife / your husband?,爱米好吗？/你妻子好吗？/你丈夫好吗?,àimǐhǎoma  nǐqīzǐhǎoma  nǐzhàngfūhǎoma,https://www.chinese-tools.com/phrasebook/01-greetings.html
Greetings,"She is very well, thank you.",她很好，谢谢。,tāhěnhǎo xièxiè,https://www.chinese-tools.com/phrasebook/01-greetings.html
Greetings,"Good night, Jane.",晚安，简,wǎnān jiǎn,https://www.chinese-tools.com/phrasebook/01-greetings.html
Greetings,"Good-bye, Mike.",再见，迈克。,zàijiàn màikè,https://www.chinese-tools.com/phrasebook/01-greetings.html
Greetings,See you tomorrow.,明天见。,míngtiānjiàn,https://www.chinese-tools.com/phrasebook/01-greetings.html
Greetings,See you later.,待会儿见。,dāihuìérjiàn,https://www.chinese-tools.com/phrasebook/01-greetings.html
Greetings,I have to go now.,我必须走了。,wǒbìxūzǒule,https://www.chinese-tools.com/phrasebook/01-greetings.html
What do you think?,What do you think about it?,你对此怎么看？,nǐduìcǐzěnmakān,https://www.chinese-tools.com/phrasebook/29-opinions.html
What do you think?,Is that right?,那样对吗？,nāyàngduìmá,https://www.chinese-tools.com/phrasebook/29-opinions.html
What do you think?,Absolutely right.,绝对正确。,juéduìzhēngquè,https://www.chinese-tools.com/phrasebook/29-opinions.html
What do you think?,I think you're mistaken about that.,我想你那样不对。,wǒxiǎngnǐnāyàngbúduì,https://www.chinese-tools.com/phrasebook/29-opinions.html
What do you think?,Is that ok?,这样行吗？,zhèyànghángmá,https://www.chinese-tools.com/phrasebook/29-opinions.html
What do you think?,That's ok/fine.,挺好的。,tǐnghǎode,https://www.chinese-tools.com/phrasebook/29-opinions.html
What do you think?,That's excellent.,那太棒了。,nātàibàngle,https://www.chinese-tools.com/phrasebook/29-opinions.html
What do you think?,He was absent yesterday. Do you know why?,昨天他没到，你知道为什么吗？,zuótiāntāméidào nǐzhīdàowèishénmema,https://www.chinese-tools.com/phrasebook/29-opinions.html
What do you think?,Do you have any idea?,你有什么主意?,nǐyǒushénmezhǔyì,https://www.chinese-tools.com/phrasebook/29-opinions.html
What do you think?,I suppose he was sick.,我猜他大概是病了。,wǒcāitādàgàishìbìngle,https://www.chinese-tools.com/phrasebook/29-opinions.html
What do you think?,Will it rain tomorrow?,明天会下雨吗？,míngtiānhuìxiàyǔma,https://www.chinese-tools.com/phrasebook/29-opinions.html
What do you think?,"No, I don't think so.",不，我想不会。,bù wǒxiǎngbúhuì,https://www.chinese-tools.com/phrasebook/29-opinions.html
What do you think?,Do you really want to know what I think?,你真想知道我怎么想吗？,nǐzhēnxiǎngzhīdàowǒzěnmexiǎngma,https://www.chinese-tools.com/phrasebook/29-opinions.html
What do you think?,Please give me your advice.,请给我提些建议。,qǐnggěiwǒdīxiējiànyì,https://www.chinese-tools.com/phrasebook/29-opinions.html
What do you think?,I want to hear your opinion.,我想听听你们想法。,wǒxiǎngtīngtīngnǐmenxiǎngfǎ,https://www.chinese-tools.com/phrasebook/29-opinions.html
Habits,I get up at 8 every morning.,每天早上我八点起床。,měitiānzǎoshàngwǒbādiǎnqǐchuáng,https://www.chinese-tools.com/phrasebook/28-habits.html
Habits,I then take a bath in the bathroom.,然后我去洗澡间洗个澡。,ránhòuwǒqùxǐzǎojiānxǐgězǎo,https://www.chinese-tools.com/phrasebook/28-habits.html
Habits,"I shave, brush my teeth, and comb my hair",我洗脸，刷牙，梳头。,wǒxǐliǎn shuāyá shūtóu,https://www.chinese-tools.com/phrasebook/28-habits.html
Habits,I put on a bit of makeup.,我化一点妆。,wǒhuāyīdiǎnzhuāng,https://www.chinese-tools.com/phrasebook/28-habits.html
Habits,I cooked breakfast for the family.,我为一家人做早餐。,wǒwéiyījiārénzuòzǎocān,https://www.chinese-tools.com/phrasebook/28-habits.html
Habits,I go downstairs and have my breakfast.,我下楼吃早饭。,wǒxiàlóuchīzǎofàn,https://www.chinese-tools.com/phrasebook/28-habits.html
Habits,I read the newspaper over breakfast,我边吃早饭边看报纸。,wǒbiānchīzǎofànbiānkānbàozhǐ,https://www.chinese-tools.com/phrasebook/28-habits.html
Habits,I wake my sister up.,我叫醒我妹妹。,wǒjiàoxǐngwǒmèimèi,https://www.chinese-tools.com/phrasebook/28-habits.html
Habits,I dress my sister and wash her hands and face.,我给我妹妹穿衣服，洗脸洗手。,wǒgěiwǒmèimèichuānyīfú xǐliǎnxǐshǒu,https://www.chinese-tools.com/phrasebook/28-habits.html
Habits,I get to my office at 10:30.,我十点半到办公室。,wǒshídiǎnbàndàobàngōngshì,https://www.chinese-tools.com/phrasebook/28-habits.html
Habits,I leave the office at 7.,我七点离开办公室。,wǒqīdiǎnlíkāibàngōngshì,https://www.chinese-tools.com/phrasebook/28-habits.html
Habits,I go shopping every weekend.,我每周末去买东西.,wǒměizhōumòqùmǎidōngxī,https://www.chinese-tools.com/phrasebook/28-habits.html
Habits,I buy some food on my way home.,我回家路上买些吃的。,wǒhuíjiālùshàngmǎixiēchīde,https://www.chinese-tools.com/phrasebook/28-habits.html
Habits,I pick up my sister from her school.,我到学校接妹妹。,wǒdàoxuéjiàojiēmèimèi,https://www.chinese-tools.com/phrasebook/28-habits.html
Habits,We go to bed at 10:30.,我们十点半睡觉。,wǒmenshídiǎnbànshuìjiào,https://www.chinese-tools.com/phrasebook/28-habits.html
Medical and Illness,How are you feeling today?,你今天感觉怎么样？,nǐjīntiāngǎnjiàozěnmayàng,https://www.chinese-tools.com/phrasebook/27-medical.html
Medical and Illness,I don't feel very well.,我觉得不太舒服。,wǒjiàodébútàishūfú,https://www.chinese-tools.com/phrasebook/27-medical.html
Medical and Illness,Do you fell better now?,你现在觉得好点了吗？,nǐxiànzàijiàodéhǎodiǎnlemá,https://www.chinese-tools.com/phrasebook/27-medical.html
Medical and Illness,Much better.,好多了。,hǎoduōle,https://www.chinese-tools.com/phrasebook/27-medical.html
Medical and Illness,I'm sick.,我病了。,wǒbìngle,https://www.chinese-tools.com/phrasebook/27-medical.html
Medical and Illness,He's got a bad headache.,他头痛的厉害。,tātóutòngdelìhài,https://www.chinese-tools.com/phrasebook/27-medical.html
Medical and Illness,My fever is gone.,我的烧已经退了。,wǒdeshāoyǐjīngtuìle,https://www.chinese-tools.com/phrasebook/27-medical.html
Medical and Illness,What's the matter with you?,你怎么啦？,nǐzěnmalā,https://www.chinese-tools.com/phrasebook/27-medical.html
Medical and Illness,I've got a pain in my back.,我背疼。,wǒbēiténg,https://www.chinese-tools.com/phrasebook/27-medical.html
Medical and Illness,It really hurts.,可真疼。,kězhēnténg,https://www.chinese-tools.com/phrasebook/27-medical.html
Medical and Illness,It hurts right here.,就这儿疼。,jiùzhèérténg,https://www.chinese-tools.com/phrasebook/27-medical.html
Medical and Illness,It's bleeding. You'd better see a doctor about that cut.,在流血呢，你最好找个医生看看这伤口。,zàiliúxiěnà nǐzuìhǎozhǎogěyīshēngkānkānzhèshāngkǒu,https://www.chinese-tools.com/phrasebook/27-medical.html
Medical and Illness,Call the doctor!,快打电话叫医生！,kuàidádiànhuàjiàoyīshēng,https://www.chinese-tools.com/phrasebook/27-medical.html
Medical and Illness,Take two pills and have a good rest.,吃两片药，好好休息一下。,chīliǎngpiānyào hǎohǎoxiūxīyīxià,https://www.chinese-tools.com/phrasebook/27-medical.html
Medical and Illness,I hope you'll be well soon.,祝你早日恢复健康。,zhùnǐzǎorìhuīfùjiànkāng,https://www.chinese-tools.com/phrasebook/27-medical.html
The weather,Have you heard the weather forecast?,你听天气预报了吗？,nǐtīngtiānqìyùbàolemá,https://www.chinese-tools.com/phrasebook/26-weather.html
The weather,"No, what does it say?",没有，它说什么了？,méiyǒu tāshuìshénmale,https://www.chinese-tools.com/phrasebook/26-weather.html
The weather,We'll have fine weather for the next few days?,以后几天天气晴朗。,yǐhòujītiāntiānqìqínglǎng,https://www.chinese-tools.com/phrasebook/26-weather.html
The weather,But it's still raining today!,可今天还在下雨。,kějīntiānháizàixiàyǔ,https://www.chinese-tools.com/phrasebook/26-weather.html
The weather,It is said it will clear up tonight.,天气预报说今晚雨就会停。,tiānqìyùbàoshuìjīnwǎnyǔjiùhuìtíng,https://www.chinese-tools.com/phrasebook/26-weather.html
The weather,What will it be after the clear weather?,晴天以后天气会怎么样？,qíngtiānyǐhòutiānqìhuìzěnmayàng,https://www.chinese-tools.com/phrasebook/26-weather.html
The weather,It says a storm may come next month.,天气预报说下个月会有一场暴风雨。,tiānqìyùbàoshuìxiàgěyuèhuìyǒuyīchángbàofēngyǔ,https://www.chinese-tools.com/phrasebook/26-weather.html
The weather,"And it may get colder, it's already November.",并且天气会更冷。,bīngjūtiānqìhuìgēnglěng,https://www.chinese-tools.com/phrasebook/26-weather.html
The weather,"Yes, and I hope we can have some snow this winter.",是的，我希望今年冬天会下雪。,shìde wǒxīwàngjīnniándōngtiānhuìxiàxuě,https://www.chinese-tools.com/phrasebook/26-weather.html
The weather,I'm afraid it won't be cold enough for a snowfall.,我恐怕天不会冷的下雪。,wǒkǒngpàtiānbúhuìlěngdexiàxuě,https://www.chinese-tools.com/phrasebook/26-weather.html
The weather,But last year we had a big one.,但去年下了大雪。,dànqùniánxiàledàxuě,https://www.chinese-tools.com/phrasebook/26-weather.html
The weather,"Yes, but you know global warming may raise the temperature.",是的，但全球变暖会使气温上升。,shìde dànquánqiúbiànnuǎnhuìshǐqìwēnshàngshēng,https://www.chinese-tools.com/phrasebook/26-weather.html
The weather,You are probably right.,你也许是对的。,nǐyěxǔshìduìde,https://www.chinese-tools.com/phrasebook/26-weather.html
The weather,I'm going skating in the Alps next month.,下个月我去阿尔卑斯山滑雪。,xiàgěyuèwǒqùāěrbēisīshānhuáxuě,https://www.chinese-tools.com/phrasebook/26-weather.html
The weather,I hope the weather there is cold enough.,我希望那儿天气够冷。,wǒxīwàngnāértiānqìgòulěng,https://www.chinese-tools.com/phrasebook/26-weather.html
The future,What time are you going to leave for the airport tomorrow?,你明天打算什么时候去机场？,nǐmíngtiāndásuànshénmashíhòuqùjīcháng,https://www.chinese-tools.com/phrasebook/25-future.html
The future,Is he coming to dinner?,他回来吃饭吗？,tāhuíláichīfànmá,https://www.chinese-tools.com/phrasebook/25-future.html
The future,I'm going to the bookstore. Will you go with me?,我要去书店，你和我去吗？,wǒyāoqùshūdiàn nǐhéwǒqùmá,https://www.chinese-tools.com/phrasebook/25-future.html
The future,They're going to discuss it at the meeting next Friday.,他们将在下周五的会上讨论这个问题。,tāmenjiāngzàixiàzhōuwǔdehuìshàngtǎolúnzhègěwèntí,https://www.chinese-tools.com/phrasebook/25-future.html
The future,I'll be waiting for you at the restaurant this time tomorrow.,我明天这时候在餐馆等你。,wǒmíngtiānzhèshíhòuzàicānguǎnděngnǐ,https://www.chinese-tools.com/phrasebook/25-future.html
The future,"After I get home, I'll call you.",到家以后，我会给你打电话。,dàojiāyǐhòu wǒhuìgěinǐdádiànhuà,https://www.chinese-tools.com/phrasebook/25-future.html
The future,How will you spend the evening?,你晚上干什么？,nǐwǎnshànggānshénma,https://www.chinese-tools.com/phrasebook/25-future.html
The future,I'll probably stay home and watch TV.,我可能会呆在家看电视。,wǒkěnénghuìáizàijiākāndiànshì,https://www.chinese-tools.com/phrasebook/25-future.html
The future,What's your plan for the summer holiday?,暑假计划干什么？,shǔjiǎjìhuágānshénma,https://www.chinese-tools.com/phrasebook/25-future.html
The future,I'm thinking about a visit to Paris.,我在考虑去巴黎旅游。,wǒzàikǎolǜqùbālílǚyóu,https://www.chinese-tools.com/phrasebook/25-future.html
The future,There's going to be a pottery exhibition at the art gallery.,艺术馆将有一次陶瓷展。,yìshùguǎnjiāngyǒuyīcìtáocízhǎn,https://www.chinese-tools.com/phrasebook/25-future.html
The future,"You are still thinking about a Ph.D., aren't you?",你还是想学成博士，是吗？,nǐháishìxiǎngxuéchéngbóshì shìmá,https://www.chinese-tools.com/phrasebook/25-future.html
The future,What will you do about it?,你会拿这事怎么办？,nǐhuìnázhèshìzěnmabàn,https://www.chinese-tools.com/phrasebook/25-future.html
The future,What do you want to do after graduation?,你毕业后想干什么？,nǐbìyèhòuxiǎnggānshénma,https://www.chinese-tools.com/phrasebook/25-future.html
The future,I'll further my study.,我想继续深造。,wǒxiǎngjìxùshēnzào,https://www.chinese-tools.com/phrasebook/25-future.html
Neighbours and Friends?,Do you know Mary?,你认识玛丽吗？,nǐrènshímǎlímá,https://www.chinese-tools.com/phrasebook/24-neighbours.html
Neighbours and Friends?,Sure. We are friends since primary school.,当然，我们从小学就是朋友了。,dāngrán wǒmencōngxiǎoxuéjiùshìpéngyǒule,https://www.chinese-tools.com/phrasebook/24-neighbours.html
Neighbours and Friends?,Really? I was introduced to her just last weekend.,真的？上周末我才被介绍给她。,zhēnde shàngzhōumòwǒcáibèijièshàogěitā,https://www.chinese-tools.com/phrasebook/24-neighbours.html
Neighbours and Friends?,What is she doing now?,她现在干些什么呢？,tāxiànzàigānxiēshénmanà,https://www.chinese-tools.com/phrasebook/24-neighbours.html
Neighbours and Friends?,She told me she wanted to start a company,她告诉我她想开公司。,tāgàosùwǒtāxiǎngkāigōngsī,https://www.chinese-tools.com/phrasebook/24-neighbours.html
Neighbours and Friends?,Start a company? But I thought she would be a scholar.,开公司？我原以为她会成为一个学者,kāigōngsī wǒyuányǐwéitāhuìchéngwéiyīgěxuézhě,https://www.chinese-tools.com/phrasebook/24-neighbours.html
Neighbours and Friends?,"People are always changing, aren't they?",人总是在变，不是吗？,rénzǒngshìzàibiàn búshìmá,https://www.chinese-tools.com/phrasebook/24-neighbours.html
Neighbours and Friends?,"Yes, you're right. After all, she is smart enough to go into business.",是啊，你说的对。毕竟，她完全有经商才智。,shìā nǐshuìdeduì bìjìng tāwánquányǒujīngshāngcáizhì,https://www.chinese-tools.com/phrasebook/24-neighbours.html
Neighbours and Friends?,But she doesn't have much experience.,但她没有太多经验。,dàntāméiyǒutàiduōjīngyàn,https://www.chinese-tools.com/phrasebook/24-neighbours.html
Neighbours and Friends?,You two don't have much contact？,你们俩没怎么联系吗？,nǐmenliǎméizěnmaliánjìmá,https://www.chinese-tools.com/phrasebook/24-neighbours.html
Neighbours and Friends?,"No, I only wrote her one letter this year.",是的，今年我才给她写过一封信。,shìde jīnniánwǒcáigěitāxiěguōyīfēngxìn,https://www.chinese-tools.com/phrasebook/24-neighbours.html
Neighbours and Friends?,And she?,她呢？,tānà,https://www.chinese-tools.com/phrasebook/24-neighbours.html
Neighbours and Friends?,She sent me a Christmas card last year.,去年寄过一张圣诞卡。,qùniánjìguōyīzhāngshèngdànkǎ,https://www.chinese-tools.com/phrasebook/24-neighbours.html
Neighbours and Friends?,"Oh, that's not good.",哦，那可不好。,é nākěbúhǎo,https://www.chinese-tools.com/phrasebook/24-neighbours.html
Neighbours and Friends?,"Yes, we should try to contact more.",是的，我们应该联系多点。,shìde wǒmenyīnggāiliánjìduōdiǎn,https://www.chinese-tools.com/phrasebook/24-neighbours.html
Are you married?,Are you married?,你结婚了吗？,nǐjiēhūnlemá,https://www.chinese-tools.com/phrasebook/23-marriage.html
Are you married?,I'm single.,我现在单身。,wǒxiànzàichánshēn,https://www.chinese-tools.com/phrasebook/23-marriage.html
Are you married?,Did you hear of that John proposed to Marry?,你听说约翰向玛丽求婚了吗?,nǐtīngshuìyāohànxiàngmǎlíqiúhūnlemá,https://www.chinese-tools.com/phrasebook/23-marriage.html
Are you married?,They engaged two weeks ago.,他们两星期前订的婚.,tāmenliǎngxīngjīqiándìngdehūn,https://www.chinese-tools.com/phrasebook/23-marriage.html
Are you married?,She's engaged/married to John.,她和约翰订婚/结婚了。,tāhéyāohàndìnghūn jiēhūnle,https://www.chinese-tools.com/phrasebook/23-marriage.html
Are you married?,How long have you been married?,你们结婚多久了？,nǐmenjiēhūnduōjiǔle,https://www.chinese-tools.com/phrasebook/23-marriage.html
Are you married?,We've been married for 2 years.,我们结婚两年了。,wǒmenjiēhūnliǎngniánle,https://www.chinese-tools.com/phrasebook/23-marriage.html
Are you married?,My parents got married in 1954.,我父母1954年结婚的。,wǒfǔmǔ   lueniánjiēhūnde,https://www.chinese-tools.com/phrasebook/23-marriage.html
Are you married?,Mary gave birth to a baby last week.,玛丽上星期做妈妈了。,mǎlíshàngxīngjīzuòmāmāle,https://www.chinese-tools.com/phrasebook/23-marriage.html
Are you married?,They've been divorced.,他们已离婚了。,tāmenyǐlíhūnle,https://www.chinese-tools.com/phrasebook/23-marriage.html
Are you married?,His wife died a year ago. Now he lives alone,他妻子去年去世了。现在他一个人住。,tāqīzǐqùniánqùshìle xiànzàitāyīgěrénzhù,https://www.chinese-tools.com/phrasebook/23-marriage.html
Are you married?,My aunt will come to live with me for some days,我阿姨会来和我住一些日子。,wǒāyíhuìláihéwǒzhùyīxiērìzǐ,https://www.chinese-tools.com/phrasebook/23-marriage.html
Are you married?,John has his own family now.,约翰现在有自己的家了。,yāohànxiànzàiyǒuzìjǐdejiāle,https://www.chinese-tools.com/phrasebook/23-marriage.html
Are you married?,Do you live with your parents?,你和你父母住一起吗？,nǐhénǐfǔmǔzhùyīqǐmá,https://www.chinese-tools.com/phrasebook/23-marriage.html
Are you married?,No. I live in my own house.,不，我住在自己的房子里。,bú wǒzhùzàizìjǐdefángzǐlǐ,https://www.chinese-tools.com/phrasebook/23-marriage.html
